{
	"partitions" : [
		{
			"name" : "Top",
			"pins" : [
				{
					"name" : "s1[0]",
					"strict" : false
				},
				{
					"name" : "s1[1]",
					"strict" : false
				},
				{
					"name" : "s1[2]",
					"strict" : false
				},
				{
					"name" : "s1[3]",
					"strict" : false
				},
				{
					"name" : "s1[4]",
					"strict" : false
				},
				{
					"name" : "s1[5]",
					"strict" : false
				},
				{
					"name" : "s1[6]",
					"strict" : false
				},
				{
					"name" : "s10[0]",
					"strict" : false
				},
				{
					"name" : "s10[1]",
					"strict" : false
				},
				{
					"name" : "s10[2]",
					"strict" : false
				},
				{
					"name" : "s10[3]",
					"strict" : false
				},
				{
					"name" : "s10[4]",
					"strict" : false
				},
				{
					"name" : "s10[5]",
					"strict" : false
				},
				{
					"name" : "s10[6]",
					"strict" : false
				},
				{
					"name" : "m1[0]",
					"strict" : false
				},
				{
					"name" : "m1[1]",
					"strict" : false
				},
				{
					"name" : "m1[2]",
					"strict" : false
				},
				{
					"name" : "m1[3]",
					"strict" : false
				},
				{
					"name" : "m1[4]",
					"strict" : false
				},
				{
					"name" : "m1[5]",
					"strict" : false
				},
				{
					"name" : "m1[6]",
					"strict" : false
				},
				{
					"name" : "m10[0]",
					"strict" : false
				},
				{
					"name" : "m10[1]",
					"strict" : false
				},
				{
					"name" : "m10[2]",
					"strict" : false
				},
				{
					"name" : "m10[3]",
					"strict" : false
				},
				{
					"name" : "m10[4]",
					"strict" : false
				},
				{
					"name" : "m10[5]",
					"strict" : false
				},
				{
					"name" : "m10[6]",
					"strict" : false
				},
				{
					"name" : "h1[0]",
					"strict" : false
				},
				{
					"name" : "h1[1]",
					"strict" : false
				},
				{
					"name" : "h1[2]",
					"strict" : false
				},
				{
					"name" : "h1[3]",
					"strict" : false
				},
				{
					"name" : "h1[4]",
					"strict" : false
				},
				{
					"name" : "h1[5]",
					"strict" : false
				},
				{
					"name" : "h1[6]",
					"strict" : false
				},
				{
					"name" : "h10[0]",
					"strict" : false
				},
				{
					"name" : "h10[2]",
					"strict" : false
				},
				{
					"name" : "h10[3]",
					"strict" : false
				},
				{
					"name" : "h10[4]",
					"strict" : false
				},
				{
					"name" : "h10[5]",
					"strict" : false
				},
				{
					"name" : "h10[6]",
					"strict" : false
				},
				{
					"name" : "rst",
					"strict" : false
				},
				{
					"name" : "clk",
					"strict" : false
				}
			]
		}
	]
}